{
  "timestamp": "2025-10-20T00:06:36.925071",
  "total_requests": 400,
  "total_errors": 0,
  "results": {
    "order_submission": {
      "min": 1.2666000038734637,
      "max": 284.51590000622673,
      "mean": 6.061541000162833,
      "median": 2.383649996772874,
      "p50": 2.395599993178621,
      "p95": 13.318699995579664,
      "p99": 284.51590000622673,
      "stdev": 28.316883963265134,
      "count": 100
    },
    "get_orderbook": {
      "min": 1.4893000043230131,
      "max": 277.61950000422075,
      "mean": 7.923092000273755,
      "median": 2.1510000042326283,
      "p50": 2.169000006688293,
      "p95": 5.012200002965983,
      "p99": 277.61950000422075,
      "stdev": 38.93010942369454,
      "count": 50
    },
    "get_bbo": {
      "min": 1.630200000363402,
      "max": 264.4956999938586,
      "mean": 8.306855999981053,
      "median": 2.763699998467928,
      "p50": 2.784899996186141,
      "p95": 6.645800000114832,
      "p99": 264.4956999938586,
      "stdev": 36.994947880289764,
      "count": 50
    },
    "get_trades": {
      "min": 4.270700002962258,
      "max": 269.34649999748217,
      "mean": 12.029543999233283,
      "median": 6.607800001802389,
      "p50": 6.666400004178286,
      "p95": 9.94679999712389,
      "p99": 269.34649999748217,
      "stdev": 37.16079093966808,
      "count": 50
    },
    "market_orders": {
      "min": 1.6183999978238717,
      "max": 260.6233999977121,
      "mean": 7.833435999054927,
      "median": 2.5688999994599726,
      "p50": 2.578499996161554,
      "p95": 4.539099994872231,
      "p99": 260.6233999977121,
      "stdev": 36.489193635602184,
      "count": 50
    },
    "limit_orders": {
      "min": 1.2868999983766116,
      "max": 264.83359999838285,
      "mean": 7.902323999878718,
      "median": 2.349899998080218,
      "p50": 2.397299998847302,
      "p95": 5.352599997422658,
      "p99": 264.83359999838285,
      "stdev": 37.09030117616431,
      "count": 50
    }
  }
}